env_id,method,condition,seed,fitness
LunarLanderContinuous-v3,ppo,clean,1234,122.6845744415793
LunarLanderContinuous-v3,ppo,perturbed,1234,104.65795626484301
LunarLanderContinuous-v3,neat,clean,1234,101.74695274181332
LunarLanderContinuous-v3,neat,perturbed,1234,59.61206578900622
LunarLanderContinuous-v3,ppo,clean,1235,199.99260604868635
LunarLanderContinuous-v3,ppo,perturbed,1235,85.08034636581318
LunarLanderContinuous-v3,neat,clean,1235,-312.25385179071526
LunarLanderContinuous-v3,neat,perturbed,1235,-189.5472754428874
LunarLanderContinuous-v3,ppo,clean,1236,115.35193096240349
LunarLanderContinuous-v3,ppo,perturbed,1236,106.20931099148125
LunarLanderContinuous-v3,neat,clean,1236,-143.32022541698618
LunarLanderContinuous-v3,neat,perturbed,1236,-243.6765798133775
LunarLanderContinuous-v3,ppo,clean,1237,175.87635104438306
LunarLanderContinuous-v3,ppo,perturbed,1237,120.43859153344638
LunarLanderContinuous-v3,neat,clean,1237,235.46934126278614
LunarLanderContinuous-v3,neat,perturbed,1237,95.93289012824448
LunarLanderContinuous-v3,ppo,clean,1238,135.6718151009323
LunarLanderContinuous-v3,ppo,perturbed,1238,120.47191772114847
LunarLanderContinuous-v3,neat,clean,1238,-123.34257905878647
LunarLanderContinuous-v3,neat,perturbed,1238,-66.79522878473037
LunarLanderContinuous-v3,ppo,clean,1239,150.613456180079
LunarLanderContinuous-v3,ppo,perturbed,1239,119.67576783145651
LunarLanderContinuous-v3,neat,clean,1239,32.384001638026575
LunarLanderContinuous-v3,neat,perturbed,1239,76.09457513744653
LunarLanderContinuous-v3,ppo,clean,1240,236.33161799251326
LunarLanderContinuous-v3,ppo,perturbed,1240,117.1894878345689
LunarLanderContinuous-v3,neat,clean,1240,283.25650443079945
LunarLanderContinuous-v3,neat,perturbed,1240,61.99787575870448
LunarLanderContinuous-v3,ppo,clean,1241,174.35275318018483
LunarLanderContinuous-v3,ppo,perturbed,1241,114.56780938623285
LunarLanderContinuous-v3,neat,clean,1241,85.83978448182798
LunarLanderContinuous-v3,neat,perturbed,1241,1.4824025807527452
LunarLanderContinuous-v3,ppo,clean,1242,140.42809223866942
LunarLanderContinuous-v3,ppo,perturbed,1242,91.59352020412628
LunarLanderContinuous-v3,neat,clean,1242,143.42245020349145
LunarLanderContinuous-v3,neat,perturbed,1242,73.12217878472923
LunarLanderContinuous-v3,ppo,clean,1243,175.09033359197315
LunarLanderContinuous-v3,ppo,perturbed,1243,113.66606610200783
LunarLanderContinuous-v3,neat,clean,1243,210.94730764291967
LunarLanderContinuous-v3,neat,perturbed,1243,109.5292473616988
LunarLanderContinuous-v3,ppo,clean,1244,210.8985261118126
LunarLanderContinuous-v3,ppo,perturbed,1244,122.33238939913004
LunarLanderContinuous-v3,neat,clean,1244,150.28388664937293
LunarLanderContinuous-v3,neat,perturbed,1244,-4.628545990231017
LunarLanderContinuous-v3,ppo,clean,1245,147.52838988490652
LunarLanderContinuous-v3,ppo,perturbed,1245,117.07213485016113
LunarLanderContinuous-v3,neat,clean,1245,183.52845743057105
LunarLanderContinuous-v3,neat,perturbed,1245,86.10508716783787
LunarLanderContinuous-v3,ppo,clean,1246,198.48104135850997
LunarLanderContinuous-v3,ppo,perturbed,1246,100.74773752433946
LunarLanderContinuous-v3,neat,clean,1246,-51.947742762492375
LunarLanderContinuous-v3,neat,perturbed,1246,-110.0354218568148
LunarLanderContinuous-v3,ppo,clean,1247,204.44240359982552
LunarLanderContinuous-v3,ppo,perturbed,1247,132.44645423140142
LunarLanderContinuous-v3,neat,clean,1247,102.91447034060559
LunarLanderContinuous-v3,neat,perturbed,1247,38.06088964018687
LunarLanderContinuous-v3,ppo,clean,1248,117.00094956208963
LunarLanderContinuous-v3,ppo,perturbed,1248,90.74494681271997
LunarLanderContinuous-v3,neat,clean,1248,169.03054096435636
LunarLanderContinuous-v3,neat,perturbed,1248,-46.375270153796876
LunarLanderContinuous-v3,ppo,clean,1249,251.04591773940405
LunarLanderContinuous-v3,ppo,perturbed,1249,128.55509036684867
LunarLanderContinuous-v3,neat,clean,1249,128.65721762606228
LunarLanderContinuous-v3,neat,perturbed,1249,50.837083832877894
LunarLanderContinuous-v3,ppo,clean,1250,150.9931189616128
LunarLanderContinuous-v3,ppo,perturbed,1250,93.18127555730756
LunarLanderContinuous-v3,neat,clean,1250,-165.84901258133283
LunarLanderContinuous-v3,neat,perturbed,1250,-232.14445924110723
LunarLanderContinuous-v3,ppo,clean,1251,83.2959275073172
LunarLanderContinuous-v3,ppo,perturbed,1251,76.48876560857431
LunarLanderContinuous-v3,neat,clean,1251,-229.91115509474972
LunarLanderContinuous-v3,neat,perturbed,1251,-357.5494738770772
LunarLanderContinuous-v3,ppo,clean,1252,175.01723380684948
LunarLanderContinuous-v3,ppo,perturbed,1252,108.37979880507257
LunarLanderContinuous-v3,neat,clean,1252,-246.9985638741244
LunarLanderContinuous-v3,neat,perturbed,1252,-278.25446218726086
LunarLanderContinuous-v3,ppo,clean,1253,136.41325957500396
LunarLanderContinuous-v3,ppo,perturbed,1253,98.89534940291234
LunarLanderContinuous-v3,neat,clean,1253,143.1828537448793
LunarLanderContinuous-v3,neat,perturbed,1253,123.83863136530354
LunarLanderContinuous-v3,random,clean,1234,-251.2774715529369
LunarLanderContinuous-v3,random,clean,1235,-218.7739635681462
LunarLanderContinuous-v3,random,clean,1236,-199.42475544973615
LunarLanderContinuous-v3,random,clean,1237,-219.6047170607463
LunarLanderContinuous-v3,random,clean,1238,-202.5328972836766
LunarLanderContinuous-v3,random,clean,1239,-258.72446770234
LunarLanderContinuous-v3,random,clean,1240,-232.56862287952967
LunarLanderContinuous-v3,random,clean,1241,-219.17607163756674
LunarLanderContinuous-v3,random,clean,1242,-258.90048584746637
LunarLanderContinuous-v3,random,clean,1243,-240.52099424138822
LunarLanderContinuous-v3,random,clean,1244,-282.26741314748926
LunarLanderContinuous-v3,random,clean,1245,-265.6703036675798
LunarLanderContinuous-v3,random,clean,1246,-188.9225887416778
LunarLanderContinuous-v3,random,clean,1247,-224.4970346724725
LunarLanderContinuous-v3,random,clean,1248,-243.08053470135889
LunarLanderContinuous-v3,random,clean,1249,-238.23822157279838
LunarLanderContinuous-v3,random,clean,1250,-230.26577069540235
LunarLanderContinuous-v3,random,clean,1251,-235.3401611806688
LunarLanderContinuous-v3,random,clean,1252,-212.36705914357282
LunarLanderContinuous-v3,random,clean,1253,-248.47602987768323
LunarLanderContinuous-v3,heuristic,clean,1234,235.98804544942078
LunarLanderContinuous-v3,heuristic,clean,1235,247.16042071350253
LunarLanderContinuous-v3,heuristic,clean,1236,248.8284243313583
LunarLanderContinuous-v3,heuristic,clean,1237,249.16708590667764
LunarLanderContinuous-v3,heuristic,clean,1238,248.73540108418038
LunarLanderContinuous-v3,heuristic,clean,1239,249.16571804737782
LunarLanderContinuous-v3,heuristic,clean,1240,248.81909191994765
LunarLanderContinuous-v3,heuristic,clean,1241,248.08454763746076
LunarLanderContinuous-v3,heuristic,clean,1242,246.9437198935053
LunarLanderContinuous-v3,heuristic,clean,1243,255.98880166712715
LunarLanderContinuous-v3,heuristic,clean,1244,255.7569100216437
LunarLanderContinuous-v3,heuristic,clean,1245,255.51361627950405
LunarLanderContinuous-v3,heuristic,clean,1246,255.20256985868042
LunarLanderContinuous-v3,heuristic,clean,1247,257.19623822406203
LunarLanderContinuous-v3,heuristic,clean,1248,258.26225202818637
LunarLanderContinuous-v3,heuristic,clean,1249,258.9996793548047
LunarLanderContinuous-v3,heuristic,clean,1250,258.330841353682
LunarLanderContinuous-v3,heuristic,clean,1251,260.4534262664867
LunarLanderContinuous-v3,heuristic,clean,1252,263.09396236390126
LunarLanderContinuous-v3,heuristic,clean,1253,265.1217021406635
